code,title,href,info,credits,level,state,last_examination_semester
DD3501,Aktuell forskning inom beviskomplexitet,https://www.kth.se/student/kurser/kurs/DD3501,,"9,0",ForskarnivÃ¥,ESTABLISHED,
DD2354,Algoritmer och komplexitet,https://www.kth.se/student/kurser/kurs/DD2354,"<p>En forts&#228;ttningskurs i datalogi med inriktning p&#229; algoritmer och komplexitet, mer teoretisk &#228;n DD1352.</p>","6,0",Avancerad nivÃ¥,CANCELLED,20201
DD3450,Algoritmisk Bioinformatik,https://www.kth.se/student/kurser/kurs/DD3450,,"6,0",ForskarnivÃ¥,ESTABLISHED,
DD3390,Approximationsalgoritmer,https://www.kth.se/student/kurser/kurs/DD3390,,"6,0",ForskarnivÃ¥,ESTABLISHED,
DD2439,"Artificiell intelligens och multiagentsystem, projektkurs",https://www.kth.se/student/kurser/kurs/DD2439,<p>En avancerad projektkurs i datateknik d&#228;r studenterna i grupper om 8-15 personer ska konstruera ett multiagentsystem som kan spela en form av simulerad fotboll.</p>,"21,0",Avancerad nivÃ¥,CANCELLED,20201
DD3372,Automater och sprÃ¥k,https://www.kth.se/student/kurser/kurs/DD3372,,"6,0",ForskarnivÃ¥,ESTABLISHED,
DD2371,Automatteori,https://www.kth.se/student/kurser/kurs/DD2371,"<p>Automata are mathematical machines, that is, abstract computing devices. Their purpose is to capture, study and compare different models and views of the abstract notion of computation and its various aspects. The computational power of automata can be characterized through the classes of languages (that is, sets of strings over a finite alphabet of symbols) they can accept/recognize. Important notions in computer science like state, nondeterminism and minimization are captured in the simple model of finite automata, which recognize the class of regular languages. Automata provide the basis for the implementation of many programming languages, with parsing being a typical example for the application of pushdown automata, which recognize the more powerful class of context-free languages. Another important reason for studying automata is to capture the notion of effective computability, that is, to characterize the notion of computation as a process which can be physically implemented. This allows the important question to be posed: what problems can be decided algorithmically, and where are the limits to this? The most influential model for studying these issues is Turing machines.</p>","6,0",Avancerad nivÃ¥,CANCELLED,20201
DD3371,Avancerade berÃ¤kningsmetoder i flÃ¶desmekanik,https://www.kth.se/student/kurser/kurs/DD3371,,"7,5",ForskarnivÃ¥,ESTABLISHED,
DD2453,Avancerade formella metoder,https://www.kth.se/student/kurser/kurs/DD2453,"<p>De senaste &#229;ren har en m&#228;ngd nya tekniker dykt upp med syftet att modellera och analysera system med avseende p&#229; egenskaper som distribution, mobilitet, prestanda, och s&#228;kerhet. Kursen 2D1453 &#228;r en avancerad, projektorienterad kurs som syftar till att s&#228;tta de studerande i niv&#229; med n&#229;gon utvald del av state-of-the-art inom omr&#229;det.</p><p>De studerande erbjuds ett antal id&#233;er till miniprojekt, i allm&#228;nhet baserade p&#229; att anpassa, modifiera, eller applicera n&#229;gon teknik som introduceras i en forskningsuppsats. Resultaten presenteras p&#229; en en-dags workshop i slutet av kursen. Kursens inneh&#229;ll kommer att variera fr&#229;n &#229;r till &#229;r, med olika urval av projektid&#233;er och tematisk inriktning. Varje tema blir underst&#246;tt, efter behov, av introducerande kursmoduler.</p>","7,5",Avancerad nivÃ¥,CANCELLED,20201
DD2456,Avancerade objektorienterade system,https://www.kth.se/student/kurser/kurs/DD2456,<p>This course is an advanced course for students who already have competence in Java/c++/UML and wish to deepen their understanding of the fundamental&#160;issues of object-orientation. The course covers both theory and practice.</p>,"7,5",Avancerad nivÃ¥,CANCELLED,20201
DD3456,Avancerade objektorienterade system,https://www.kth.se/student/kurser/kurs/DD3456,<p>This course is an advanced course for students who already have competence in Java/c++/UML and wish to deepen their understanding of the fundamental&#160;issues of object-orientation. The course covers both theory and practice.</p>,"7,5",ForskarnivÃ¥,ESTABLISHED,
DD2461,"Avancerad kurs i programmering och problemlÃ¶sning, del 1",https://www.kth.se/student/kurser/kurs/DD2461,,"20,0",Avancerad nivÃ¥,CANCELLED,20201
DD2462,"Avancerad kurs i programmering och problemlÃ¶sning, del 2",https://www.kth.se/student/kurser/kurs/DD2462,,"10,0",Avancerad nivÃ¥,CANCELLED,20201
DD3010,Avancerad maskininlÃ¤rning I,https://www.kth.se/student/kurser/kurs/DD3010,,"7,5",ForskarnivÃ¥,ESTABLISHED,
DD3443,Basala ganglierna-lÃ¤skurs om teorier och modeller,https://www.kth.se/student/kurser/kurs/DD3443,,"3,0",ForskarnivÃ¥,ESTABLISHED,
DD3442,Basala Ganglierna- undersÃ¶kning av teorier och modeller,https://www.kth.se/student/kurser/kurs/DD3442,,"7,5",ForskarnivÃ¥,ESTABLISHED,
DD3009,BerÃ¤kningsaspekter pÃ¥ fylogeni,https://www.kth.se/student/kurser/kurs/DD3009,,"6,0",ForskarnivÃ¥,ESTABLISHED,
DD3007,BerÃ¤kningsbaserad modellering inom aktuell neurovetenskap,https://www.kth.se/student/kurser/kurs/DD3007,,"3,0",ForskarnivÃ¥,ESTABLISHED,
DD1371,BeslutstÃ¶dssystem,https://www.kth.se/student/kurser/kurs/DD1371,<p>En forts&#228;ttningskurs i datalogi med syfte att ge grundl&#228;ggande kunskap om beslutst&#246;dssystem.</p>,"7,5",GrundnivÃ¥,CANCELLED,20201
DD2422,Bildbehandling och datorseende,https://www.kth.se/student/kurser/kurs/DD2422,"<p>En kurs i datalogi som behandlar grundl&#228;ggande teori, modeller och metoder f&#246;r datorseende, bildanalys, bildbehandling och bildkompression.</p>","6,0",Avancerad nivÃ¥,CANCELLED,20201
DD2396,Bioinformatik,https://www.kth.se/student/kurser/kurs/DD2396,,"6,0",Avancerad nivÃ¥,CANCELLED,20201
DD2400,Cell- och molekylÃ¤rbiologi,https://www.kth.se/student/kurser/kurs/DD2400,"<p>Kursen i cell- och molekyl&#228;rbiologi ger en helhetsbild av det cell- och molekyl&#228;rbiologiska aktivitetsomr&#229;det. Kursen omfattar allm&#228;nna baskunskaper, terminologi samt analysredskap i cell- och molekyl&#228;rbiologi samt belyser &#228;mnena immunologi, mikrobiologi och molekyl&#228;r medicin. Dessa kunskaper integreras med de andra disciplinerna inom biomedicinsk teknik.</p>","15,0",Avancerad nivÃ¥,CANCELLED,20201
DD2430,"Dataanalys, projektkurs",https://www.kth.se/student/kurser/kurs/DD2430,,"9,0",Avancerad nivÃ¥,ESTABLISHED,
DD2472,Databassystemutveckling fÃ¶r moderna tillÃ¤mpningar,https://www.kth.se/student/kurser/kurs/DD2472,<p>Avancerad kurs i datalogi. Kursen ska ge kunskaper om utveckling av applikationsprogram som anv&#228;nder en databas f&#246;r att lagra data och eventuellt &#228;ven programkod och k&#246;rbara programmoduler.</p>,"6,0",Avancerad nivÃ¥,CANCELLED,20201
DD1364,Databasteknik,https://www.kth.se/student/kurser/kurs/DD1364,<p>En forts&#228;ttningskurs i datalogi som behandlar grunderna inom databastekniken.</p>,"7,5",GrundnivÃ¥,CANCELLED,20201
DD228V,Databasteknik,https://www.kth.se/student/kurser/kurs/DD228V,<p>En forts&#228;ttningskurs i datalogi som behandlar grunderna inom databastekniken.</p>,"7,5",Avancerad nivÃ¥,CANCELLED,20201
DD1051,Databasteknik och datorkommunikation,https://www.kth.se/student/kurser/kurs/DD1051,,"7,5",GrundnivÃ¥,CANCELLED,20201
DD1370,Databasteknik och informationssystem,https://www.kth.se/student/kurser/kurs/DD1370,<p>En kurs i datalogi som behandlar grunderna inom databasteknik och informationssystem.</p>,"7,5",GrundnivÃ¥,CANCELLED,20201
DD2469,Databasteori,https://www.kth.se/student/kurser/kurs/DD2469,"<p>En avancerad kurs i datalogi som behandlar de teoretiska, matematiska, grunderna f&#246;r databassystem.</p>","6,0",Avancerad nivÃ¥,CANCELLED,20201
2D5342,Databrytning,https://www.kth.se/student/kurser/kurs/2D5342,,"6,0",ForskarnivÃ¥,ESTABLISHED,
DD3342,Databrytning,https://www.kth.se/student/kurser/kurs/DD3342,"<p>Den &#246;kande anv&#228;ndningen av IT och automatiska system som samlar in och lagrar information &#228;r en k&#228;lla till stora m&#228;ngder data. Denna information kan ofta anv&#228;ndas f&#246;r att f&#229; fram kunskap&#160; om systemen som kan anv&#228;ndas i aff&#228;rs- och f&#246;rb&#228;ttringssyfte. I vetenskapliga aktiviteter kan man idag samla s&#229; mycket data fr&#229;n experiment att analys med konventionella statistiska metoder inte kan g&#246;ras av resurssk&#228;l.</p><p>Metoder att systematiskt l&#229;ta datorn uppt&#228;cka kunskap i rudiment&#228;r form &#228;r d&#228;rf&#246;r intressanta. Databrytning och kunskapsuppt&#228;ckt &#228;r ett omr&#229;de d&#228;r man studerar metoder att 'bryta' eller exploatera inneh&#229;llet i stora databaser.</p><p>I denna kurs introducerar vi de vanligaste metoderna p&#229; omr&#229;det som utvecklats</p><p>inom discipliner som databasteknik, artificiell intelligens, statistik och</p><p>visualisering. S&#228;rskilt viktigt &#228;r att f&#229; fram sann och intressant i motsats till felaktig, slumpartad eller ointressant kunskap.</p><p>I kursen l&#228;ggs ett statistikperspektiv p&#229; omr&#229;det.</p>","6,0",ForskarnivÃ¥,ESTABLISHED,
DD3462,Datalogididaktik,https://www.kth.se/student/kurser/kurs/DD3462,,"7,5",ForskarnivÃ¥,ESTABLISHED,
DD112V,"Datalogi I, grundkurs med Javaprogrammering",https://www.kth.se/student/kurser/kurs/DD112V,,"15,0",GrundnivÃ¥,CANCELLED,20201
DD217V,"Datalogi II, algoritmer och datastrukturer",https://www.kth.se/student/kurser/kurs/DD217V,,"7,5",Avancerad nivÃ¥,CANCELLED,20201
DD1343,"Datalogi och numeriska metoder, del 1",https://www.kth.se/student/kurser/kurs/DD1343,<p>En grundl&#228;ggande kurs i datalogi och Matlab.</p>,"7,5",GrundnivÃ¥,CANCELLED,20201
DD2428,Datorgeometri och visualisering,https://www.kth.se/student/kurser/kurs/DD2428,<p>En kurs i datalogi som behandlar grundl&#228;ggande teori och metodik f&#246;r att f&#246;rst&#229; samband mellan information i tv&#229;-dimensionella (2D) bilder och&#160;tre-dimensionella (3D) scener.</p>,"6,0",Avancerad nivÃ¥,CANCELLED,20201
DD3313,"Datorseende, lÃ¤secirkel",https://www.kth.se/student/kurser/kurs/DD3313,,"6,0",ForskarnivÃ¥,ESTABLISHED,
DD3008,Distribuerade algoritmer,https://www.kth.se/student/kurser/kurs/DD3008,"<p>Introductory postgraduate level course in computer science on the theory, algorithms, and techniques of parallel and distributed computing systems.</p>","6,0",ForskarnivÃ¥,ESTABLISHED,
DD3424,DjupinlÃ¤rning i Data Science,https://www.kth.se/student/kurser/kurs/DD3424,,"7,5",ForskarnivÃ¥,ESTABLISHED,
DD3432,Doktorandkurs i artificiella neuronnÃ¤t och andra lÃ¤rande system,https://www.kth.se/student/kurser/kurs/DD3432,,"6,0",ForskarnivÃ¥,ESTABLISHED,
DD3431,Doktorandkurs i maskininlÃ¤rning,https://www.kth.se/student/kurser/kurs/DD3431,,"6,0",ForskarnivÃ¥,ESTABLISHED,
DD3435,Doktorandkurs i neuronnÃ¤ts- och biomodellering,https://www.kth.se/student/kurser/kurs/DD3435,,"9,0",ForskarnivÃ¥,ESTABLISHED,
DD226X,"Examensarbete inom biologisk fysik, avancerad nivÃ¥",https://www.kth.se/student/kurser/kurs/DD226X,<p>Ett relativt stort sj&#228;lvst&#228;ndigt arbete av utredande karakt&#228;r inom biologisk fysik eller fysik med biologiska till&#228;mpningar.</p>,"30,0",Avancerad nivÃ¥,CANCELLED,20201
DD225X,"Examensarbete inom biomedicinsk teknik, avancerad nivÃ¥",https://www.kth.se/student/kurser/kurs/DD225X,<p>Ett relativt stort sj&#228;lvst&#228;ndigt arbete inom biomedicinsk teknik av utredande karakt&#228;r.</p>,"30,0",Avancerad nivÃ¥,CANCELLED,20201
DD221X,"Examensarbete inom datalogi, avancerad nivÃ¥",https://www.kth.se/student/kurser/kurs/DD221X,<p>Ett relativt stort sj&#228;lvst&#228;ndigt arbete inom datalogi av utredande karakt&#228;r.</p>,"30,0",Avancerad nivÃ¥,CANCELLED,20201
DD245X,"Examensarbete inom datalogi, avancerad nivÃ¥",https://www.kth.se/student/kurser/kurs/DD245X,<p>Ett relativt stort sj&#228;lvst&#228;ndigt arbete inom datalogi av utredande karakt&#228;r.</p>,"15,0",Avancerad nivÃ¥,CANCELLED,20201
2D1043,Examensarbete inom datalogi fÃ¶r kandidatexamen,https://www.kth.se/student/kurser/kurs/2D1043,<p>Ett relativt stort sj&#228;lvst&#228;ndigt arbete inom datalogi av utredande karakt&#228;r.</p>,"15,0",GrundnivÃ¥,CANCELLED,20201
DD150X,"Examensarbete inom teknik och management, grundnivÃ¥",https://www.kth.se/student/kurser/kurs/DD150X,<p>Ett sj&#228;lvst&#228;ndigt arbete inom teknik och management av utredande karakt&#228;r.<br />Examensarbetet &#228;r obligatoriskt f&#246;r den som vill ta ut kandidatexamen.</p>,"15,0",GrundnivÃ¥,CANCELLED,20201
DD151X,"Examensarbete i teknik: Datateknik, kommunikation och industriell ekonomi, grundnivÃ¥",https://www.kth.se/student/kurser/kurs/DD151X,"<p>Ett relativt stort sj&#228;lvst&#228;ndigt arbete inom datalogi av utredande karakt&#228;r.</p><p>Kursen &#228;r avsedd f&#246;r studenter p&#229; civilingenj&#246;rsprogrammet i industriell ekonomi, med inriktning datateknik och kommunikation.</p>","15,0",GrundnivÃ¥,ESTABLISHED,
DD3001,"Forskning: teori, metod, praktik",https://www.kth.se/student/kurser/kurs/DD3001,"<p>En forskare vid ett universitet eller i industrin beh&#246;ver, ut&#246;ver sin specialiserade kompetens som utvecklas under avhandlingsarbetet, &#228;ven f&#246;rm&#229;ga att analysera och v&#228;rdera forskning inom ett bredare omr&#229;de, kunskap om och f&#246;rm&#229;ga att till&#228;mpa procedurer och regler f&#246;r sitt arbete som etiska riktlinjer och f&#246;rh&#229;llningsregler, och s&#228;tt att motivera och finansiera sin forskning i en forskarkarri&#228;r.</p>","7,5",ForskarnivÃ¥,ESTABLISHED,
DD1344,GrundlÃ¤ggande datalogi,https://www.kth.se/student/kurser/kurs/DD1344,<p>En grundl&#228;ggande kurs i datalogi med tyngdpunkt p&#229; datalogins vetenskapliga grund.</p>,"6,0",GrundnivÃ¥,CANCELLED,20201
DD1335,GrundlÃ¤ggande internetprogrammering,https://www.kth.se/student/kurser/kurs/DD1335,"<p>Kursen ska ge kunskap om och f&#228;rdigheter i grundl&#228;ggande tekniker f&#246;r utformning av webbaserade till&#228;mpningar, s&#229; att studenterna ska kunna utforma och konstruera levande webbsidor och klient-servertill&#228;mpningar.</p>","7,5",GrundnivÃ¥,CANCELLED,20201
DD3499,HjÃ¤rnliknande berÃ¤kning,https://www.kth.se/student/kurser/kurs/DD3499,,"7,5",ForskarnivÃ¥,ESTABLISHED,
DD3375,HÃ¶gprestandamodellering med finita element,https://www.kth.se/student/kurser/kurs/DD3375,,"7,5",ForskarnivÃ¥,ESTABLISHED,
DD3451,Individuell kurs i berÃ¤kningsbiologi,https://www.kth.se/student/kurser/kurs/DD3451,,"7,5",ForskarnivÃ¥,ESTABLISHED,
2D5348,Individuell kurs i datalogi,https://www.kth.se/student/kurser/kurs/2D5348,,"4,5",ForskarnivÃ¥,ESTABLISHED,
DD2475,InformationssÃ¶kning,https://www.kth.se/student/kurser/kurs/DD2475,"<p>En kurs i datalogi som behandlar grundl&#228;ggande teori, modeller och metoder f&#246;r datorbaserad informationss&#246;kning.</p>","9,0",Avancerad nivÃ¥,CANCELLED,20201
DD3344,Integritetsskyddande teknologier,https://www.kth.se/student/kurser/kurs/DD3344,<p>Privacy has become an increasingly important topic as our data and data about us is both increasing and more and more being collected and mined. This course will give an overview of privacy concepts and terminology as well as concrete examples of privacy-enhancing technologies (PET) and some of their applications.</p>,"7,5",ForskarnivÃ¥,ESTABLISHED,
DD3461,Interaktiv teorembevisning,https://www.kth.se/student/kurser/kurs/DD3461,,"4,5",ForskarnivÃ¥,ESTABLISHED,
DD3336,Interaktiv underhÃ¥llningsteknik,https://www.kth.se/student/kurser/kurs/DD3336,"<p>Datorspelsbranschen &#228;r redan en industri v&#228;rd flera miljarder dollar, ber&#228;knad att n&#229; 82 miljarder dollar p&#229; den globala marknaden &#229;r 2017. K&#228;rnan i dessa produkter &#228;r sofistikerade realtidsalgoritmer och infrastrukturer (t.ex. spelmotorer) som grundar sig i omr&#229;den s&#229;som datorgrafik, artificiell intelligens, HCl, datavetenskap och matematik. Underh&#229;llningsteknik kommer att forts&#228;tta att vara avg&#246;rande f&#246;r att trycka tillbaka tekniska hinder f&#246;r att m&#246;jligg&#246;ra nya former av interaktiva upplevelser och kommunikation, och de utg&#246;r en viktig l&#228;nk mellan akademin och industriforskningsinstitut.</p>","6,0",ForskarnivÃ¥,ESTABLISHED,
DD2390,Internetprogrammering,https://www.kth.se/student/kurser/kurs/DD2390,<p>En forts&#228;ttningskurs i datalogi som ger en bred &#246;versikt &#246;ver internetprogrammering.</p>,"6,0",Avancerad nivÃ¥,CANCELLED,20201
DD2392,Internets protokoll och principer,https://www.kth.se/student/kurser/kurs/DD2392,<p>En forts&#228;ttningskurs i datalogi som ger en god inblick i och &#246;verblick &#246;ver internetteknik och tj&#228;nster p&#229; Internet.</p>,"7,5",Avancerad nivÃ¥,CANCELLED,20201
DD2393,Internets protokoll och principer,https://www.kth.se/student/kurser/kurs/DD2393,<p>En forts&#228;ttningskurs i datalogi som ger en god inblick i och &#246;verblick &#246;ver internetteknik och tj&#228;nster p&#229; Internet.</p>,"6,0",Avancerad nivÃ¥,CANCELLED,20201
DD1339,Introduktion till datalogi,https://www.kth.se/student/kurser/kurs/DD1339,<p>En grundl&#228;ggande kurs i datalogi som inleds med en introduktion till datoranv&#228;ndning.</p>,"19,0",GrundnivÃ¥,CANCELLED,20201
DD1340,Introduktion till datalogi,https://www.kth.se/student/kurser/kurs/DD1340,<p>En grundl&#228;ggande kurs i datalogi som inleds med en introduktion till datoranv&#228;ndning.</p>,"18,0",GrundnivÃ¥,CANCELLED,20201
DD1341,Introduktion till datalogi,https://www.kth.se/student/kurser/kurs/DD1341,<p>En grundl&#228;ggande kurs i datalogi som inleds med en introduktion till datoranv&#228;ndning.</p>,"16,0",GrundnivÃ¥,CANCELLED,20201
DD3258,Introduktion till hÃ¶gprestandaberÃ¤kningar,https://www.kth.se/student/kurser/kurs/DD3258,<p>En forts&#228;ttningskurs som behandlar algoritmer och tekniker f&#246;r h&#246;gprestandaber&#228;kningar.</p>,"7,5",ForskarnivÃ¥,ESTABLISHED,
DD3015,Introduktion till programmering med GPGPU och anvÃ¤ndning fÃ¶r vetenskapliga berÃ¤kningar,https://www.kth.se/student/kurser/kurs/DD3015,,"7,5",ForskarnivÃ¥,ESTABLISHED,
DD2490,IP-routning inom enkla datornÃ¤t,https://www.kth.se/student/kurser/kurs/DD2490,<p>Kurs i datalogi som ger goda grundkunskaper inom Internetteknik.</p>,"7,5",Avancerad nivÃ¥,CANCELLED,20201
DD2491,IP-routning pÃ¥ internet och andra sammansatta nÃ¤t,https://www.kth.se/student/kurser/kurs/DD2491,<p>En avancerad kurs i datalogi som behandlar routning mellan autonoma system p&#229; Internet. En central del i kursen &#228;r samverkan mellan lokala och globala n&#228;t och de problem som d&#229; kan uppst&#229; som exempelvis &#246;verg&#229;ngen fr&#229;n intern routning till principbaserad routning.</p>,"7,5",Avancerad nivÃ¥,CANCELLED,20201
DD3402,Kombinatorisk optimering,https://www.kth.se/student/kurser/kurs/DD3402,,"6,0",ForskarnivÃ¥,ESTABLISHED,
DD2446,Komplexitetsteori,https://www.kth.se/student/kurser/kurs/DD2446,<p>En avancerad kurs i datalogi som behandlar modern komplexitetsteori.</p>,"6,0",Avancerad nivÃ¥,CANCELLED,20201
DD3445,Komplexitetsteori,https://www.kth.se/student/kurser/kurs/DD3445,,"7,5",ForskarnivÃ¥,ESTABLISHED,
2D5330,Kryptografins grunder,https://www.kth.se/student/kurser/kurs/2D5330,,"6,0",ForskarnivÃ¥,ESTABLISHED,
DD2449,Kryptografins grunder,https://www.kth.se/student/kurser/kurs/DD2449,<p>En avancerad kurs i datalogi som ger en orientering om modern kryptografi.</p>,"6,0",Avancerad nivÃ¥,CANCELLED,20201
DD3335,KvantberÃ¤kning,https://www.kth.se/student/kurser/kurs/DD3335,"<p>The purpose of this course is to give a concise introduction<br />to the theory of quantum computation. We will be in particular<br />concerned with the algorithmic aspects of the theory, but topics<br />such as quantum computational complexity, classical simulation of<br />quantum circuits and exotic models of quantum computation will<br />also be addressed.<br />The expected audience for the course will be master and PhD students<br />in computer science, mathematics or physics, but in principle anybody<br />with enough curiosity will be more than welcome. The main prerequisite<br />for the course is a good knowledge of linear algebra.</p>","6,0",ForskarnivÃ¥,ESTABLISHED,
DD2398,Kvantitativ systembiologi,https://www.kth.se/student/kurser/kurs/DD2398,"<p>Kursens syfte &#228;r att presentera molekyl&#228;rbiologi<br />fr&#229;n ett mekanistiskt perspektiv, samt ge en inblick i<br />aktuella fr&#229;gest&#228;llningar och metoder i systembiologin.<br />Fokus ligger p&#229; att beskriva genreglering och<br />regulatoriska n&#228;tverk.</p>","7,5",Avancerad nivÃ¥,CANCELLED,20201
DD3019,LÃ¤skurs i datalogi fÃ¶r doktorander,https://www.kth.se/student/kurser/kurs/DD3019,,"9,0",ForskarnivÃ¥,ESTABLISHED,
DD3016,"LÃ¤skurs i datalogi fÃ¶r doktorander 1,5 hp",https://www.kth.se/student/kurser/kurs/DD3016,,"1,5",ForskarnivÃ¥,ESTABLISHED,
DD3017,LÃ¤skurs i datalogi fÃ¶r doktorander 3 hp,https://www.kth.se/student/kurser/kurs/DD3017,,"3,0",ForskarnivÃ¥,ESTABLISHED,
DD3018,LÃ¤skurs i datalogi fÃ¶r doktorander 6 hp,https://www.kth.se/student/kurser/kurs/DD3018,,"6,0",ForskarnivÃ¥,ESTABLISHED,
DD3334,LÃ¤skurs om statistisk avvikelsedetektion,https://www.kth.se/student/kurser/kurs/DD3334,"<p>Statistisk avvikelsedetektion &#228;r ett allt viktigare omr&#229;de inom dataanalys och maskininl&#228;rning, och en viktig del i utvecklingen av autonoma system i industrin. Omr&#229;det innefattar ett stort antal s&#229;v&#228;l parametriska som icke-parametriska statistiska metoder f&#246;r att modellera olika typer av data. Samtidigt &#228;r det viktigt att ta h&#228;nsyn till egenskaper som robusthet, andel falsklarm, skalbarhet, och tids&#229;tg&#229;ng, f&#246;r att metoderna ska kunna hantera verkliga datam&#228;ngders olika egenskaper.</p><p>Kursens m&#229;l &#228;r att ge studenterna en &#246;verblick &#246;ver omr&#229;dets olika metoder och deras egenskaper, samt en f&#246;rst&#229;else f&#246;r vilka metoder som kan v&#228;ntas fungerar i olika sammanhang.</p>","4,5",ForskarnivÃ¥,ESTABLISHED,
DD3434,"MaskininlÃ¤rning, avancerad kurs",https://www.kth.se/student/kurser/kurs/DD3434,,"7,5",ForskarnivÃ¥,ESTABLISHED,
DD3012,"MaskininlÃ¤rning, lÃ¤secirkel",https://www.kth.se/student/kurser/kurs/DD3012,,"6,0",ForskarnivÃ¥,ESTABLISHED,
DD221V,MaskinnÃ¤ra programmering och datorarkitektur,https://www.kth.se/student/kurser/kurs/DD221V,<p>En kurs om hur datorer &#228;r uppbyggda och exekverar program samt hur man skriver effektiva program som utnyttjar dessa.</p>,"7,5",Avancerad nivÃ¥,CANCELLED,20201
DD2377,MaskinnÃ¤ra programmering och datorarkitektur,https://www.kth.se/student/kurser/kurs/DD2377,<p>En kurs om hur datorer &#228;r uppbyggda och exekverar program samt hur man skriver effektiva program som utnyttjar dessa.</p>,"7,5",Avancerad nivÃ¥,CANCELLED,20201
DD1363,Mjukvarukonstruktion,https://www.kth.se/student/kurser/kurs/DD1363,<p>Second course in computer science giving theoretical knowledge and practical experience of working in a program development project.</p>,"12,0",GrundnivÃ¥,CANCELLED,20201
DD1365,Mjukvarukonstruktion,https://www.kth.se/student/kurser/kurs/DD1365,<p>An advanced course in computer science that provides theoretical and practical skills for large software development projects.</p>,"6,0",GrundnivÃ¥,CANCELLED,20201
DD3459,Mjukvaru pÃ¥litlighet,https://www.kth.se/student/kurser/kurs/DD3459,,"9,0",ForskarnivÃ¥,ESTABLISHED,
DD3370,Mjukvaruutvecklingsverktyg fÃ¶r tekniska berÃ¤kningar,https://www.kth.se/student/kurser/kurs/DD3370,,"5,0",ForskarnivÃ¥,ESTABLISHED,
DD2436,Modellering av cellbiologiska processer,https://www.kth.se/student/kurser/kurs/DD2436,"<p>Kursen behandlar matematisk modellering och datorsimulering av cellens biokemiska reaktioner, reaktionsn&#228;tverk samt genetiska reglern&#228;tverk.</p>","6,0",Avancerad nivÃ¥,CANCELLED,20201
DD3401,Neurovetenskap,https://www.kth.se/student/kurser/kurs/DD3401,,"7,5",ForskarnivÃ¥,ESTABLISHED,
DA1011,Numeriska metoder fÃ¶r SU,https://www.kth.se/student/kurser/kurs/DA1011,,"7,5",GrundnivÃ¥,CANCELLED,20201
DD2492,"NÃ¤tdesign, projektkurs",https://www.kth.se/student/kurser/kurs/DD2492,<p>En avancerad laborationskurs i datalogi som behandlar design av relativt stora campus- och backbonedatorn&#228;tverk p&#229; intern och extern niv&#229;.</p>,"9,0",Avancerad nivÃ¥,CANCELLED,20201
DD2495,NÃ¤tverkssÃ¤kerhet,https://www.kth.se/student/kurser/kurs/DD2495,<p>Forts&#228;ttningskurs i datalogi som ger &#246;versikt &#246;ver &#228;mnet n&#228;tverkss&#228;kerhet.</p>,"6,0",Avancerad nivÃ¥,CANCELLED,20201
DD235V,"Objektorienterad programmering, analys och design, Java",https://www.kth.se/student/kurser/kurs/DD235V,,"7,5",Avancerad nivÃ¥,CANCELLED,20201
DD2399,Omikdata och systembiologi,https://www.kth.se/student/kurser/kurs/DD2399,"<p>Advanced course in computer science focusing on the analysis of high troughput omics data (i.e., genomic, transcriptomic, and proteomic data).</p>","7,5",Avancerad nivÃ¥,CANCELLED,20201
DD3003,"Parallella berÃ¤kningar: teori - maskinvara - programvara, med sÃ¤rskilt fokus pÃ¥ flerkÃ¤rnig programmering",https://www.kth.se/student/kurser/kurs/DD3003,<p>With the wide spread availability of multi-core systems and general-purpose graphics processing units (GPGPUs) mastering parallel computing is becoming increasingly important. At the same time high-end parallel systems are increasing in their complexity and offer unprecedented levels of parallelism. This course will provide students with the basic knowledge to understand and master the challenges of parallel computing. Multi-core architectures and programming will be emphasized.</p>,"7,5",ForskarnivÃ¥,ESTABLISHED,
DD2451,Parallella och distribuerade berÃ¤kningar,https://www.kth.se/student/kurser/kurs/DD2451,"<p>Avancerad kurs i datalogi som behandlar teori, algoritmer, och tekniker f&#246;r parallella och distribuerade system.</p>","6,0",Avancerad nivÃ¥,CANCELLED,20201
DD3460,Plagiatkontroll och grafisomorfi,https://www.kth.se/student/kurser/kurs/DD3460,<p>L&#228;skurs om plagiatkontroll och grafisomorfi.</p>,"6,0",ForskarnivÃ¥,ESTABLISHED,
DD1342,Programkonstruktion,https://www.kth.se/student/kurser/kurs/DD1342,<p>En grundl&#228;ggande kurs i programmering som behandlar imperativ och objektorienterad programmering. Programspr&#229;ket &#228;r Java.</p>,"6,0",GrundnivÃ¥,CANCELLED,20201
DD1050,"Programmering, grundkurs",https://www.kth.se/student/kurser/kurs/DD1050,,"7,5",GrundnivÃ¥,CANCELLED,20201
DD1311,Programmeringsteknik med PBL,https://www.kth.se/student/kurser/kurs/DD1311,<p>En kurs i grundl&#228;ggande programmeringsteknik som undervisas med problembaserat l&#228;rande.</p>,"6,0",GrundnivÃ¥,CANCELLED,20201
DD3457,Programsemantik och programanalys,https://www.kth.se/student/kurser/kurs/DD3457,,"6,0",ForskarnivÃ¥,ESTABLISHED,
DD2387,Programsystemkonstruktion med C++,https://www.kth.se/student/kurser/kurs/DD2387,<p>En forts&#228;ttningskurs i datalogi som ger goda kunskaper i spr&#229;ket C++ och behandlar tekniker f&#246;r effektiv konstruktion av stora programsystem i C++.</p>,"6,0",Avancerad nivÃ¥,CANCELLED,20201
DD243V,Programutvecklingsteknik med -NET Framework,https://www.kth.se/student/kurser/kurs/DD243V,<p>En forts&#228;ttningskurs i datalogi som ger en god &#246;versikt &#246;ver och tr&#228;ning i Microsofts .NET-teknologi.</p>,"7,5",Avancerad nivÃ¥,CANCELLED,20201
DD3359,Reinforcement Learning,https://www.kth.se/student/kurser/kurs/DD3359,,"6,0",ForskarnivÃ¥,ESTABLISHED,
DD3316,"Robotik, lÃ¤secirkel",https://www.kth.se/student/kurser/kurs/DD3316,<p>L&#228;secirkel som t&#228;cker forskningsfronten inom robotik.</p>,"6,0",ForskarnivÃ¥,ESTABLISHED,
DD2426,Robotik och autonoma system,https://www.kth.se/student/kurser/kurs/DD2426,"<p>En avancerad kurs i datalogi som behandlar det breda, interdisciplin&#228;ra omr&#229;det robotik. Deltagarna designar, bygger och programmerar robotar i grupper. Dessa robotar t&#228;vlar sedan mot varandra som ett avslutande moment.</p>","7,5",Avancerad nivÃ¥,CANCELLED,20201
DD2494,Routing pÃ¥ Internet och andra paketvÃ¤xlade nÃ¤t,https://www.kth.se/student/kurser/kurs/DD2494,,"9,0",Avancerad nivÃ¥,CANCELLED,20201
DD2454,Semantik fÃ¶r programsprÃ¥k,https://www.kth.se/student/kurser/kurs/DD2454,"<p>To give a semantics for a programming language means to give a precise definition of the behaviour of programs written in this language. Only when the semantics of the language has been fixed, one can go about to prove such important properties like determinism and termination, equivalence of constructs, or that a given program meets its specification. Different semantic styles have been developed for different purposes, depending on the level of detail needed for the particular task. The most important ones are: operational semantics, denotational semantics and axiomatic semantics.</p>","6,0",Avancerad nivÃ¥,CANCELLED,20201
DD2493,Seminariekurs i grid- och internetteknik,https://www.kth.se/student/kurser/kurs/DD2493,<p>En avancerad kurs i grid- och internetteknik med varierande inneh&#229;ll fr&#229;n &#229;r till &#229;r.</p>,"6,0",Avancerad nivÃ¥,CANCELLED,20201
DD3327,Seminariekurs i hÃ¶gpresterande berÃ¤kningar och visualisering,https://www.kth.se/student/kurser/kurs/DD3327,"<p>In this course the student will practice to engage in interdisciplinary research outside the particular area of expertise of the student, within the domain of high performance computing and visualization. The course aciivities consists of participation in 4 interdisciplinary seminars, including giving a 45 minutes presentation of ones sresearach at one seminar to an interdisciplinary audience, and writing a project plan for an interdisciplinary research project connecting the research of the student to other research presented in the seminars.</p>","3,0",ForskarnivÃ¥,ESTABLISHED,
DD2441,Seminariekurs i teoretisk datalogi,https://www.kth.se/student/kurser/kurs/DD2441,<p>En avancerad kurs i teoretisk datalogi med varierande inneh&#229;ll fr&#229;n &#229;r till &#229;r.</p>,"6,0",Avancerad nivÃ¥,CANCELLED,20201
DD3343,Seminariekurs i teoretisk datavetenskap,https://www.kth.se/student/kurser/kurs/DD3343,,"7,5",ForskarnivÃ¥,ESTABLISHED,
DD3011,Seminarier i statisk analys,https://www.kth.se/student/kurser/kurs/DD3011,,"7,5",ForskarnivÃ¥,ESTABLISHED,
DD3321,Senaste framstegen inom berÃ¤kningar i molnet,https://www.kth.se/student/kurser/kurs/DD3321,"<p>New achievements with a fundamental importance in the field of cloud computing will be evaluated in this graduate reading course. After introductory discussions, every participant should search for relevant research literature, work through it, give a presentation and actively contribute to the overall discussions as well as write a short report.</p>","5,0",ForskarnivÃ¥,ESTABLISHED,
DD3447,Statistiska metoder i datalogi,https://www.kth.se/student/kurser/kurs/DD3447,,"6,0",ForskarnivÃ¥,ESTABLISHED,
DD3364,Statistisk inlÃ¤rning,https://www.kth.se/student/kurser/kurs/DD3364,,"9,0",ForskarnivÃ¥,ESTABLISHED,
DD3350,Storverk i teoretisk datavetenskap,https://www.kth.se/student/kurser/kurs/DD3350,,"7,5",ForskarnivÃ¥,ESTABLISHED,
DD3341,Studier i teoretisk datalogi,https://www.kth.se/student/kurser/kurs/DD3341,,"2,0",ForskarnivÃ¥,ESTABLISHED,
DD3013,Summan av kvadrater och heltalsprogrammeringslÃ¤ttnader,https://www.kth.se/student/kurser/kurs/DD3013,,"6,0",ForskarnivÃ¥,ESTABLISHED,
DD3356,Systemintegration i robotik,https://www.kth.se/student/kurser/kurs/DD3356,,"7,5",ForskarnivÃ¥,ESTABLISHED,
DD3433,SystemnivÃ¥teorier fÃ¶r hjÃ¤rnfunktion,https://www.kth.se/student/kurser/kurs/DD3433,,"3,0",ForskarnivÃ¥,ESTABLISHED,
DD225V,Systemprogrammering och operativsystem,https://www.kth.se/student/kurser/kurs/DD225V,<p>En kurs om operativsystem och hur man programmerar n&#228;ra dessa.</p>,"7,5",Avancerad nivÃ¥,CANCELLED,20201
DD2486,Systemprogrammering och operativsystem,https://www.kth.se/student/kurser/kurs/DD2486,<p>En kurs om operativsystem och hur man programmerar n&#228;ra dessa.</p>,"7,5",Avancerad nivÃ¥,CANCELLED,20201
DD3006,Temporal logik,https://www.kth.se/student/kurser/kurs/DD3006,,"4,0",ForskarnivÃ¥,ESTABLISHED,
DD2455,Teoretiska grunder fÃ¶r objektorientering,https://www.kth.se/student/kurser/kurs/DD2455,"<p>This course covers the theoretical foundations of object-oriented programming. After a review of the principles of object-orientation, we consider a number of mathematical models of different aspects of object-oriented languages, including: abstract data types, concurrency, sequential correctness and type checking.</p>","7,5",Avancerad nivÃ¥,CANCELLED,20201
DD2397,TillÃ¤mpad bioinformatik,https://www.kth.se/student/kurser/kurs/DD2397,,"7,5",Avancerad nivÃ¥,CANCELLED,20201
DD1322,"TillÃ¤mpad programmering och datalogi, del 1",https://www.kth.se/student/kurser/kurs/DD1322,<p>En grundl&#228;ggande kurs i datalogi och programmeringspraktik. Kursen best&#229;r av de&#160;sex f&#246;rsta po&#228;ngen i DD1321 och &#228;r avsedd f&#246;r den som inte har plats med hela DD1321. Det g&#229;r att komplettera med resten av DD1321 genom trepo&#228;ngskursen DD1324.</p>,"6,0",GrundnivÃ¥,CANCELLED,20201
DD231V,Utveckling av webbtillÃ¤mpningar med Enterprise Java,https://www.kth.se/student/kurser/kurs/DD231V,"<p>Kursen ger kunskap i att utveckla webserverapplikationer. De tekniker som behandlas &#228;r JSP, JDBC, Servlets och EJB. M&#229;nga laborationer ing&#229;r.</p>","7,5",Avancerad nivÃ¥,CANCELLED,20201
DD2483,Utveckling av webbtillÃ¤mpningar med Enterprise Java,https://www.kth.se/student/kurser/kurs/DD2483,<p>En forts&#228;ttningskurs i datalogi som ger grundl&#228;ggande kunskaper i Enterprise Java.</p>,"6,0",Avancerad nivÃ¥,CANCELLED,20201
DD3436,Vetenskaplig programmering i Python fÃ¶r berÃ¤kningsbiologi,https://www.kth.se/student/kurser/kurs/DD3436,,"5,0",ForskarnivÃ¥,ESTABLISHED,
DD3337,Ã„mnen i datorseende I,https://www.kth.se/student/kurser/kurs/DD3337,,"3,0",ForskarnivÃ¥,ESTABLISHED,
DD3338,Ã„mnen i datorseende II,https://www.kth.se/student/kurser/kurs/DD3338,,"6,0",ForskarnivÃ¥,ESTABLISHED,
DD3339,Ã„mnen i datorseende III,https://www.kth.se/student/kurser/kurs/DD3339,,"9,0",ForskarnivÃ¥,ESTABLISHED,
DD3353,Ã„mnen i robotik I,https://www.kth.se/student/kurser/kurs/DD3353,,"3,0",ForskarnivÃ¥,ESTABLISHED,
DD3354,Ã„mnen i robotik II,https://www.kth.se/student/kurser/kurs/DD3354,,"6,0",ForskarnivÃ¥,ESTABLISHED,
DD3355,Ã„mnen i robotik III,https://www.kth.se/student/kurser/kurs/DD3355,,"9,0",ForskarnivÃ¥,ESTABLISHED,
DD3314,Ã–vervakning av moln- och mjukvarubaserade nÃ¤tverk,https://www.kth.se/student/kurser/kurs/DD3314,,"9,0",ForskarnivÃ¥,ESTABLISHED,
